<?xml version="1.0" encoding="UTF-8" ?>
<?xml-stylesheet type="text/xsl" href="nba_PO_top10.xsl"?>

	<Top10>
                     <Igrači>
		<rank>1</rank>
		<ime>LeBron</ime>
		<prezime>James</prezime>
		<slika></slika>
                      </Igrači>
		<Igrači>
		<rank></rank>
	</Igrači>
	<Igrači>
		<rank></rank>
		<ime>7631</ime>
		<prezime>266</prezime>
		<slika>2391</slika>
		<poeni>1919</poeni>
	</Igrači>
	<Igrači>
		<rank>2</rank>
		<ime>Michael</ime>
		<prezime>Jordan</prezime>
		<slika></slika>
	</Igrači>
	<Igrači>
		<rank></rank>
	</Igrači>
	<Igrači>
		<rank></rank>
		<ime>5987</ime>
		<prezime>179</prezime>
		<slika>1152</slika>
		<poeni>1022</poeni>
	</Igrači>
	<Igrači>
		<rank>3</rank>
		<ime>Kareem </ime>
		<prezime>Abdul-Jabbar</prezime>
		<slika></slika>
	</Igrači>
	<Igrači>
		<rank></rank>
	</Igrači>
	<Igrači>
		<rank></rank>
		<ime>5762</ime>
		<prezime>237</prezime>
		<slika>2481</slika>
		<poeni>767</poeni>
	</Igrači>
	<Igrači>
		<rank>4</rank>
		<ime>Kobe</ime>
		<prezime>Bryant</prezime>
		<slika></slika>
	</Igrači>
	<Igrači>
		<rank></rank>
	</Igrači>
	<Igrači>
		<rank></rank>
		<ime>5640</ime>
		<prezime>220</prezime>
		<slika>1119</slika>
		<poeni>1040</poeni>
	</Igrači>
	<Igrači>
		<rank>5</rank>
		<ime>Shaquille</ime>
		<prezime>O'Neal</prezime>
		<slika></slika>
	</Igrači>
	<Igrači>
		<rank></rank>
	</Igrači>
	<Igrači>
		<rank></rank>
		<ime>5250</ime>
		<prezime>216</prezime>
		<slika>2508</slika>
		<poeni>582</poeni>
	</Igrači>
	<Igrači>
		<rank>6</rank>
		<ime>Tim </ime>
		<prezime>Duncan</prezime>
		<slika></slika>
	</Igrači>
	<Igrači>
		<rank></rank>
	</Igrači>
	<Igrači>
		<rank></rank>
		<ime>5172</ime>
		<prezime>251</prezime>
		<slika>2859</slika>
		<poeni>764</poeni>
	</Igrači>
	<Igrači>
		<rank>7</rank>
		<ime>Karl</ime>
		<prezime>Malone</prezime>
		<slika></slika>
	</Igrači>
	<Igrači>
		<rank></rank>
	</Igrači>
	<Igrači>
		<rank></rank>
		<ime>4761</ime>
		<prezime>193</prezime>
		<slika>2062</slika>
		<poeni>610</poeni>
	</Igrači>
	<Igrači>
		<rank>8</rank>
		<ime>Kevin</ime>
		<prezime>Durant</prezime>
		<slika></slika>
	</Igrači>
	<Igrači>
		<rank></rank>
	</Igrači>
	<Igrači>
		<rank></rank>
		<ime>4559</ime>
		<prezime>155</prezime>
		<slika>1205</slika>
		<poeni>635</poeni>
	</Igrači>
	<Igrači>
		<rank>9</rank>
		<ime>Jerry </ime>
		<prezime> West </prezime>
		<slika></slika>
	</Igrači>
	<Igrači>
		<rank></rank>
	</Igrači>
	<Igrači>
		<rank></rank>
		<ime>4457</ime>
		<prezime>153</prezime>
		<slika>855</slika>
		<poeni>970</poeni>
	</Igrači>
	<Igrači>
		<rank>10</rank>
		<ime>Toni</ime>
		<prezime>Parker</prezime>
		<slika></slika>
	</Igrači>
	<Igrači>
		<rank></rank>
	</Igrači>
	<Igrači>
		<rank></rank>
		<ime>4045</ime>
		<prezime>226</prezime>
		<slika>666</slika>
		<poeni>1143</poeni>
	</Igrači>
</Top10>